# stage=ASR,file=b01eeg_asr1
window,t0_s,t1_s,error,n_ic,n_brain,n_other,n_artifact,n_muscle,n_eye,n_heart,n_line_noise,n_channel_noise,mean_conf_pred,mean_conf_artifact_ics,mean_sum_P_artifact,avg_conf_brain,avg_conf_other,avg_conf_artifact,mean_prob_brain,mean_prob_muscle,mean_prob_eye,mean_prob_heart,mean_prob_line_noise,mean_prob_channel_noise,mean_prob_other
0,0.0000,120.0000,,24,9,11,4,0,3,1,0,0,0.702822,0.590835,0.205412,0.776083,0.683603,0.590835,0.384036,0.026296,0.100511,0.034269,0.014894,0.029441,0.410553
1,120.0000,240.0000,,24,4,19,1,0,0,0,1,0,0.644361,0.392514,0.189128,0.552797,0.676892,0.392514,0.230526,0.024675,0.059917,0.047279,0.040746,0.016511,0.580347
2,240.0000,360.0000,,24,3,19,2,1,1,0,0,0,0.763092,0.658967,0.131602,0.517618,0.812812,0.658967,0.173301,0.034826,0.046188,0.009425,0.020310,0.020853,0.695096
3,360.0000,480.0000,,24,2,21,1,0,0,0,1,0,0.802799,0.343996,0.085291,0.606335,0.843358,0.343996,0.139181,0.015187,0.013514,0.013576,0.025356,0.017658,0.775528
4,480.0000,600.0000,,24,3,20,1,1,0,0,0,0,0.772674,0.452778,0.101446,0.553080,0.821608,0.452778,0.155925,0.044718,0.011783,0.007308,0.026186,0.011451,0.742629
5,600.0000,720.0000,,24,1,22,1,1,0,0,0,0,0.758954,0.433152,0.103149,0.880291,0.768248,0.433152,0.177607,0.024403,0.029228,0.006385,0.034119,0.009015,0.719244
6,720.0000,840.0000,,24,10,13,1,0,0,0,1,0,0.725089,0.593685,0.107126,0.738675,0.724747,0.593685,0.405282,0.018522,0.016949,0.008225,0.049897,0.013533,0.487593
7,840.0000,960.0000,,24,5,18,1,0,0,0,1,0,0.766529,0.661684,0.091977,0.619356,0.813235,0.661684,0.234662,0.007748,0.015515,0.005315,0.056746,0.006652,0.673362

# GLOBAL_SUMMARY,仅统计 error 为空的窗口
metric,value
successful_windows,8
total_ic_predictions,192
n_brain,37
n_other,143
n_artifact,12
pct_brain_percent,19.270833
pct_other_percent,74.479167
pct_artifact_percent,6.250000
