# stage=IIR,file=b01eeg_iir1
window,t0_s,t1_s,error,n_ic,n_brain,n_other,n_artifact,n_muscle,n_eye,n_heart,n_line_noise,n_channel_noise,mean_conf_pred,mean_conf_artifact_ics,mean_sum_P_artifact,avg_conf_brain,avg_conf_other,avg_conf_artifact,mean_prob_brain,mean_prob_muscle,mean_prob_eye,mean_prob_heart,mean_prob_line_noise,mean_prob_channel_noise,mean_prob_other
0,0.0000,120.0000,,24,8,14,2,0,2,0,0,0,0.661004,0.975693,0.224850,0.632501,0.632335,0.975693,0.321392,0.030236,0.117521,0.022617,0.029885,0.024591,0.453758
1,120.0000,240.0000,,24,24,0,0,0,0,0,0,0,0.950419,,0.014744,0.950419,,,0.950419,0.006908,0.004386,0.000330,0.002706,0.000413,0.034837
2,240.0000,360.0000,,24,24,0,0,0,0,0,0,0,0.953087,,0.008476,0.953087,,,0.953087,0.001477,0.003102,0.000167,0.003335,0.000395,0.038436
3,360.0000,480.0000,,24,4,20,0,0,0,0,0,0,0.781184,,0.093127,0.660713,0.805278,,0.192546,0.003101,0.001128,0.006524,0.011953,0.070421,0.714327
4,480.0000,600.0000,,24,24,0,0,0,0,0,0,0,0.960187,,0.007253,0.960187,,,0.960187,0.001393,0.002398,0.000170,0.002946,0.000345,0.032560
5,600.0000,720.0000,,24,24,0,0,0,0,0,0,0,0.960770,,0.007588,0.960770,,,0.960770,0.000511,0.002761,0.000200,0.003741,0.000375,0.031642
6,720.0000,840.0000,,24,24,0,0,0,0,0,0,0,0.946474,,0.010320,0.946474,,,0.946474,0.001182,0.003999,0.000291,0.004440,0.000407,0.043206
7,840.0000,960.0000,,24,24,0,0,0,0,0,0,0,0.954880,,0.006013,0.954880,,,0.954880,0.000706,0.002217,0.000206,0.002536,0.000348,0.039107

# GLOBAL_SUMMARY,仅统计 error 为空的窗口
metric,value
successful_windows,8
total_ic_predictions,192
n_brain,156
n_other,34
n_artifact,2
pct_brain_percent,81.250000
pct_other_percent,17.708333
pct_artifact_percent,1.041667
