# stage=ORICA,file=b01eeg_orica1
window,t0_s,t1_s,error,n_ic,n_brain,n_other,n_artifact,n_muscle,n_eye,n_heart,n_line_noise,n_channel_noise,mean_conf_pred,mean_conf_artifact_ics,mean_sum_P_artifact,avg_conf_brain,avg_conf_other,avg_conf_artifact,mean_prob_brain,mean_prob_muscle,mean_prob_eye,mean_prob_heart,mean_prob_line_noise,mean_prob_channel_noise,mean_prob_other
0,0.0000,120.0000,,24,10,11,3,1,2,0,0,0,0.751753,0.736026,0.162395,0.765774,0.743297,0.736026,0.410074,0.030995,0.085365,0.014109,0.010458,0.021468,0.427531
1,120.0000,240.0000,,24,6,14,4,0,2,1,1,0,0.682741,0.626835,0.211179,0.719097,0.683133,0.626835,0.324122,0.017705,0.075871,0.057097,0.040469,0.020037,0.464699
2,240.0000,360.0000,,24,11,11,2,0,1,1,0,0,0.676450,0.633512,0.173415,0.717240,0.643466,0.633512,0.435861,0.034158,0.059212,0.027300,0.030249,0.022496,0.390724
3,360.0000,480.0000,,24,10,13,1,0,1,0,0,0,0.658646,0.689932,0.156664,0.736803,0.596119,0.689932,0.435120,0.024206,0.056003,0.023697,0.034393,0.018366,0.408217
4,480.0000,600.0000,,24,14,7,3,0,2,1,0,0,0.677166,0.621938,0.198966,0.682467,0.690231,0.621938,0.459126,0.028617,0.084579,0.030987,0.042893,0.011891,0.341907
5,600.0000,720.0000,,24,13,9,2,1,1,0,0,0,0.689431,0.474740,0.144507,0.753703,0.644303,0.474740,0.508168,0.029324,0.049692,0.019398,0.033657,0.012436,0.347326
6,720.0000,840.0000,,24,10,14,0,0,0,0,0,0,0.669629,,0.126822,0.759281,0.605593,,0.445760,0.020399,0.034022,0.019271,0.029626,0.023504,0.427417
7,840.0000,960.0000,,24,6,17,1,0,1,0,0,0,0.712322,0.565564,0.111016,0.732091,0.713977,0.565564,0.319514,0.010600,0.048976,0.008625,0.032001,0.010814,0.569470

# GLOBAL_SUMMARY,仅统计 error 为空的窗口
metric,value
successful_windows,8
total_ic_predictions,192
n_brain,80
n_other,96
n_artifact,16
pct_brain_percent,41.666667
pct_other_percent,50.000000
pct_artifact_percent,8.333333
